,jk,skills
0,jk=83003ce9bc834c8f,[]
1,jk=a59498e9d0507236,[]
2,jk=393340e5ce55c803,[]
3,jk=0148df937db2f265,[]
4,jk=27b65d2041ad61ff,['Google']
5,jk=7da10f514b178ef5,"['Writing', 'Writing']"
6,jk=f8d2acbe2f7bc25f,[]
7,jk=3dd3f618158dbb61,[]
8,jk=133e48558f649f20,[]
9,jk=b3c7cb33b6d40a77,[]
10,jk=06a809823d2d60f9,[]
11,jk=2d9fafad2301e384,[]
12,jk=4ed82aed57e47716,[]
13,jk=4830fe4f39854418,[]
14,jk=424911b67b597e2b,[]
15,jk=31ec4670192eaab4,[]
16,jk=906d81ab0bc9b9d0,[]
17,jk=22087daddd84d223,[]
18,jk=7df371a122fae412,[]
19,jk=64a4726a08b735be,[]
20,jk=9cb45669e2d30afc,[]
21,jk=bd4f336ef6d18753,[]
22,jk=c1e1ccf7837dab82,[]
23,jk=bbab48ab2ef8a808,[]
24,jk=a47698a329b76e86,[]
25,jk=fb1473d7a9ef6eb9,[]
26,jk=676b8d72c6401650,[]
27,jk=45e1abf942ee2c98,[]
28,jk=863d8b7c802001b8,[]
29,jk=6de04ba208a7517b,[]
30,jk=09d13b5ab3a21481,[]
31,jk=8e133132daee7dd3,[]
32,jk=b106088e8d5d164f,[]
33,jk=5f6929a220d35db5,"['SAP', 'SAP']"
34,jk=db6743d35bf1977d,[]
35,jk=5fd2e3909fe7302f,[]
36,jk=59b8d2787ebeac25,[]
37,jk=fbaeac2096d09525,[]
38,jk=01a88171da252e9e,[]
39,jk=48f680850545377b,[]
40,jk=ddc7ed2b1ff63dd0,[]
41,jk=e32322d89a7af139,[]
42,jk=cffd6a2de23c5904,[]
43,jk=6316722af423c6cb,[]
44,jk=fbda0a3ae9f31341,[]
45,jk=26d11a54cfe04c2e,[]
46,jk=f6e6d51cd4ae0b25,[]
47,jk=968cf07afa438418,[]
48,jk=33f9190c36509486,[]
49,jk=cc669ab40873d6f2,[]
50,jk=5e04610050c4a4f8,[]
51,jk=a789400fff0b1831,[]
52,jk=46eab3254655d9f1,[]
53,jk=9014896f1b4260d4,[]
54,jk=33bec9ff6cfe0264,[]
55,jk=36221540f2616301,[]
56,jk=75b969fa6dcdac9c,[]
57,jk=cc428d4cbeb60f10,[]
58,jk=2b29a0dfa3f9de26,[]
59,jk=c889577ad5ea4cde,['Google']
60,jk=bfe40a086e4aff56,['Google']
61,jk=11bfd8cd62e65db0,[]
62,jk=bd35e782da63c313,[]
63,jk=65dce62f067dd0e8,[]
64,jk=80bb7df8805380b5,[]
65,jk=4dd2a72e48b0fe1a,[]
66,jk=dfb8fc75b123c3a4,['Zoom']
67,jk=d6190c84eafdd77b,[]
68,jk=98989abe700dd6ee,[]
69,jk=f16ad73c05af4a99,[]
70,jk=10c4900a848ece9d,['Monitoring']
71,jk=f9ef525755232873,[]
72,jk=e8f5ac6fedb71111,[]
73,jk=4b180a9c4079ebb1,[]
74,jk=d5f693e544363b56,[]
75,jk=6c1ac233a18f0c1f,[]
76,jk=01d5b5e627b203bd,[]
77,jk=077a2331e6470f2a,[]
78,jk=28ab856159c98603,[]
79,jk=c370a0e70724d8eb,[]
80,jk=cc133615f3266a9d,['Google']
81,jk=6c4080cea387a418,[]
82,jk=b07963bcaf90c6a4,[]
83,jk=c8dcac0644e58b32,[]
84,jk=267ab2c0b5bc0d86,[]
85,jk=e400a5bcaf8e2083,['E-Verify']
86,jk=252b7fa5e619006b,[]
87,jk=7c4e25fe02838973,[]
88,jk=cda1592b69da00e3,"['Programming', 'Programming']"
89,jk=deaad9979919f8f8,[]
90,jk=00bfe909feb14773,[]
91,jk=598043287c80954a,[]
92,jk=9a7439aa6ad29c56,[]
93,jk=6bcf500378501a56,[]
94,jk=efe5b74dacb7caea,[]
95,jk=4ee95f164a93b8ea,[]
96,jk=07ca1c8c1dfeef06,[]
97,jk=02dbcc388e5dea42,[]
98,jk=22723c561b6e5fdf,[]
99,jk=530233523c9f20da,[]
100,jk=d9e0baae1ffdb8c2,[]
101,jk=e0dd301317f44306,[]
102,jk=7a661f65fbda1dfa,[]
103,jk=b69f1e9f4757cb69,[]
104,jk=4aaac937b852e2e5,[]
105,jk=f3fafbe75213508b,[]
106,jk=4ea0be77a00f5d77,[]
107,jk=f05a8922e091c7b6,[]
108,jk=0f0786f083806c09,['Coordination']
109,jk=460da61b0e393672,[]
110,jk=70d81cc036de2e47,[]
111,jk=aa35ea8beea38a1a,[]
112,jk=5e22b5ada14289c8,"['WordPress', 'Facebook']"
113,jk=ce588aee6329e5cf,[]
114,jk=2fc3efde201467c4,[]
115,jk=936dfe77c40ba471,[]
116,jk=90df67214cff704f,[]
117,jk=9af1bb967d049a33,[]
118,jk=d71d2d839ddcec78,[]
119,jk=69e336530c714ec1,[]
120,jk=286ee596ac4644b7,[]
121,jk=34689cf633487f48,[]
122,jk=6d70058d5de4215e,[]
123,jk=a8cc35255bfa4116,[]
124,jk=8a0dd3b7af793e62,[]
125,jk=faa8189b9b32a298,[]
126,jk=c120d78efbca04ef,[]
127,jk=4f81925c65de473f,[]
128,jk=ae6d95cf0dccc793,[]
129,jk=3887a516edeb40e6,[]
130,jk=054e40977b650fa3,[]
131,jk=e70ee8de7182dfc8,[]
132,jk=326cedf4bac368f0,[]
133,jk=735b15435aab780b,[]
134,jk=d2c067d800aa6168,[]
135,jk=bcbdc42697d6b908,[]
136,jk=a401df02744facd4,[]
137,jk=b47cc4bf5ce9e667,[]
138,jk=aee752e48629aba8,[]
139,jk=61646ec385782cc9,[]
140,jk=a2c35b0b7cb15211,[]
141,jk=c3300b6bd13b1448,[]
142,jk=8beb1000a34a8dd1,[]
143,jk=669efceef70d9752,[]
144,jk=801aee14045f0013,[]
145,jk=120398bd3f6b08d9,[]
146,jk=f57c75563d1acb2c,[]
147,jk=6233244ce8d619a1,['Android']
148,jk=185867cc1eb306ee,['Persuasion']
149,jk=e5a6b22ebe13b2ed,[]
150,jk=ca8c40f759b015a0,[]
151,jk=4cc46bcdbcf362a7,[]
152,jk=f64298906a79f43b,[]
153,jk=882161131f1edd5c,[]
154,jk=ce361fb875f4a117,['Google']
155,jk=41226a6a23a35ddd,[]
156,jk=73c2a42a75990b20,['Installation']
157,jk=018c99a380c0dafc,[]
158,jk=7c2ff9fd2407c0ce,['Google']
159,jk=9ee4a0130ef5bb2a,"['Facebook', 'Facebook']"
160,jk=21152c593c0e33a4,[]
161,jk=6e0ec85b7cb95a37,[]
162,jk=49c6eec22013ccc6,[]
163,jk=cd914f993e01c853,[]
164,jk=af795a97f7bb711b,[]
165,jk=c74e0dace1b97c1d,[]
166,jk=dc10e196e15b8da0,[]
167,jk=73e5789c96b79526,[]
168,jk=04f8430881253ffd,[]
169,jk=125c72a585981151,[]
170,jk=a6121eb1f8449374,[]
171,jk=712e568f59f3ba1f,[]
172,jk=f006b7294067ddca,[]
173,jk=09d0cbd1d0507743,[]
174,jk=de713731e7f4e9b0,[]
175,jk=fef07353d187006a,[]
176,jk=da55d82bf9f8da34,[]
177,jk=eced559a2bb0e85d,[]
178,jk=331931ebcce4aeaa,[]
179,jk=6d3bfb14f8aabe0c,[]
180,jk=dc7b380cdb86b94c,['Science']
181,jk=cf02985ba0a43a74,[]
182,jk=d7a7563b1f2f62c8,[]
183,jk=8534f2a7b57c9e56,[]
184,jk=5216f6beeae0750e,[]
185,jk=e004444f083ddabb,[]
186,jk=eaf36b1bfb72404d,[]
187,jk=840e8286a5358156,[]
188,jk=80d938dc95924cfb,[]
189,jk=d2d90d1d79ca6103,['Route']
190,jk=f50160a5db1a3360,[]
191,jk=c374a16c8854c6c0,[]
192,jk=91fda1753a8febab,['WordPerfect']
193,jk=82723ac03a078f22,[]
194,jk=026fbb654b8f9948,[]
195,jk=930aed56deb5d873,[]
196,jk=35b41bb8d8b2e135,[]
197,jk=e81968aa1e792d20,[]
198,jk=3edfa8fac9aa617e,['Science']
199,jk=1ec3ee566293f48b,[]
200,jk=83003ce9bc834c8f,[]
201,jk=a59498e9d0507236,[]
202,jk=06a809823d2d60f9,[]
203,jk=2d9fafad2301e384,[]
204,jk=f8d2acbe2f7bc25f,[]
205,jk=27b65d2041ad61ff,['Google']
206,jk=7da10f514b178ef5,"['Writing', 'Writing']"
207,jk=4ed82aed57e47716,[]
208,jk=4830fe4f39854418,[]
209,jk=133e48558f649f20,[]
210,jk=b3c7cb33b6d40a77,[]
211,jk=906d81ab0bc9b9d0,[]
212,jk=7df371a122fae412,[]
213,jk=3dd3f618158dbb61,[]
214,jk=31ec4670192eaab4,[]
215,jk=0526b21dfb42ebc1,[]
216,jk=f9138cc6fc4a0db0,[]
217,jk=393340e5ce55c803,[]
218,jk=424911b67b597e2b,[]
219,jk=4fd9f9d3ae2c67fe,[]
220,jk=a47698a329b76e86,[]
221,jk=64a4726a08b735be,[]
222,jk=7cb88ed28de5c2d9,[]
223,jk=c1e1ccf7837dab82,[]
224,jk=bd4f336ef6d18753,[]
225,jk=22087daddd84d223,[]
226,jk=f6e6d51cd4ae0b25,[]
227,jk=80d2f36f8609943b,[]
228,jk=09d13b5ab3a21481,[]
229,jk=6de04ba208a7517b,[]
230,jk=d046f2f39ed295ed,[]
231,jk=5f6929a220d35db5,"['SAP', 'SAP']"
232,jk=8e133132daee7dd3,[]
233,jk=5fd2e3909fe7302f,[]
234,jk=b106088e8d5d164f,[]
235,jk=b45f8834136b2cc6,[]
236,jk=676b8d72c6401650,[]
237,jk=fb1473d7a9ef6eb9,[]
238,jk=284c9a7b1830c0c4,[]
239,jk=c8b5e1201b6c566c,[]
240,jk=d949bad2fbd02ef6,[]
241,jk=5417f086bce54f80,[]
242,jk=01a88171da252e9e,[]
243,jk=4b806973162fc6ed,[]
244,jk=fbaeac2096d09525,[]
245,jk=628adea2365342d1,[]
246,jk=cc669ab40873d6f2,[]
247,jk=340b24e6d156aa70,[]
248,jk=46eab3254655d9f1,[]
249,jk=4587012d143c3813,[]
250,jk=66800e5c2687d34a,[]
251,jk=c889577ad5ea4cde,['Google']
252,jk=6316722af423c6cb,[]
253,jk=dfb8fc75b123c3a4,['Zoom']
254,jk=bfe40a086e4aff56,['Google']
255,jk=76a6345417b30c9e,[]
256,jk=11bfd8cd62e65db0,[]
257,jk=d5da0abdf2fa4d4c,[]
258,jk=606ba7372e5ea4c7,[]
259,jk=75b969fa6dcdac9c,[]
260,jk=39f763fd47076576,[]
261,jk=fd9302bc00f8af72,[]
262,jk=717ad40551ede1b4,[]
263,jk=e8f5ac6fedb71111,[]
264,jk=ad83fd3f51f2ba31,['Stage']
265,jk=232c71e91e97c86a,[]
266,jk=3641061041a14683,[]
267,jk=b08ae8aaa0fa2e5a,[]
268,jk=f16ad73c05af4a99,[]
269,jk=64e04854658bcc65,[]
270,jk=10c4900a848ece9d,['Monitoring']
271,jk=683bb1194912ca80,[]
272,jk=d5f693e544363b56,[]
273,jk=3a7a5f2fbac14550,[]
274,jk=42b9dce482996f44,[]
275,jk=98989abe700dd6ee,[]
276,jk=a789400fff0b1831,[]
277,jk=fe7178113284fce2,['Google']
278,jk=c370a0e70724d8eb,[]
279,jk=03a5ac137aa6d192,[]
280,jk=cc133615f3266a9d,['Google']
281,jk=077a2331e6470f2a,[]
282,jk=929446c5b00ead32,[]
283,jk=deaad9979919f8f8,[]
284,jk=30c07dcb9d891418,[]
285,jk=e400a5bcaf8e2083,['E-Verify']
286,jk=4ea0be77a00f5d77,[]
287,jk=22723c561b6e5fdf,[]
288,jk=24fc9d6b5590031f,[]
289,jk=f18dad3c75389dea,[]
290,jk=40e43e84d65f972c,[]
291,jk=6303e30b9b008bec,[]
292,jk=21cf097402c6b92f,[]
293,jk=3fc439a2a3cff389,[]
294,jk=62db1a16ff1eef76,[]
295,jk=78b143fcd8bc3708,[]
296,jk=460da61b0e393672,[]
297,jk=07ca1c8c1dfeef06,[]
298,jk=3db3a112a8b19b58,[]
299,jk=7a661f65fbda1dfa,[]
300,jk=c8dcac0644e58b32,[]
301,jk=f05a8922e091c7b6,[]
302,jk=cafe0f1f35cfae0a,[]
303,jk=593accfc0fda66ab,[]
304,jk=6d50532135b6d779,[]
305,jk=a8cc35255bfa4116,[]
306,jk=598043287c80954a,[]
307,jk=e0dd301317f44306,[]
308,jk=a13db251ab1de999,[]
309,jk=936dfe77c40ba471,[]
310,jk=2fc3efde201467c4,[]
311,jk=286ee596ac4644b7,[]
312,jk=d9e0baae1ffdb8c2,[]
313,jk=e346f316b4830ab5,[]
314,jk=120398bd3f6b08d9,[]
315,jk=9af1bb967d049a33,[]
316,jk=318dea925bf37944,[]
317,jk=b2c413cd9588b994,[]
318,jk=326cedf4bac368f0,[]
319,jk=169859d7315d2acc,[]
320,jk=5e22b5ada14289c8,"['WordPress', 'Facebook']"
321,jk=4aaac937b852e2e5,[]
322,jk=47bcaf08c46390f5,[]
323,jk=ac4e4d310cb464e5,['Android']
324,jk=aa35ea8beea38a1a,[]
325,jk=dd060120e93a6acd,[]
326,jk=8beb1000a34a8dd1,[]
327,jk=52b421712cf97e40,[]
328,jk=6233244ce8d619a1,['Android']
329,jk=a2c35b0b7cb15211,[]
330,jk=9ee4a0130ef5bb2a,"['Facebook', 'Facebook']"
331,jk=75af139f80aeb82a,[]
332,jk=379527ed3f305c6d,[]
333,jk=265bb72c7c82e897,[]
334,jk=a401df02744facd4,[]
335,jk=d1dcf40b5257367c,[]
336,jk=ce73293f9ee04938,[]
337,jk=1b98f19074519c6f,[]
338,jk=adc9da2b53eef2cb,[]
339,jk=d757c9f8c771de63,[]
340,jk=ce361fb875f4a117,['Google']
341,jk=0f9f5081173eff2e,[]
342,jk=41226a6a23a35ddd,[]
343,jk=9a5a622a7211812e,[]
344,jk=b3375747176b7def,[]
345,jk=a9c4900864b2d467,[]
346,jk=7e12226f691379e3,[]
347,jk=29aec2203cd3f89a,[]
348,jk=b83dbee2185ab6c9,[]
349,jk=125c72a585981151,[]
350,jk=70d81cc036de2e47,[]
351,jk=92446ab8a7bf76ed,[]
352,jk=8f5354937c35f82c,[]
353,jk=878f4b09593aa24c,[]
354,jk=c20670ed75f044c2,['R']
355,jk=c3300b6bd13b1448,[]
356,jk=73e5789c96b79526,[]
357,jk=f56607565b456b53,[]
358,jk=49c6eec22013ccc6,[]
359,jk=147dd1c5ee16a2fd,['Cyclone']
360,jk=a746481d22f2161e,[]
361,jk=da30eb99ce5f7aca,[]
362,jk=c74e0dace1b97c1d,[]
363,jk=4cc46bcdbcf362a7,[]
364,jk=e004444f083ddabb,[]
365,jk=2c75f583a0559769,[]
366,jk=01e5538a65cc38d0,[]
367,jk=6e0ec85b7cb95a37,[]
368,jk=477fc94db31e33ba,[]
369,jk=fef07353d187006a,[]
370,jk=04f8430881253ffd,[]
371,jk=85760d700625ee85,[]
372,jk=cd914f993e01c853,[]
373,jk=f50160a5db1a3360,[]
374,jk=c374a16c8854c6c0,[]
375,jk=c75b8dbcb0a833f2,[]
376,jk=62750d4997bc4163,[]
377,jk=026fbb654b8f9948,[]
378,jk=a17af9a27356e33a,[]
379,jk=712e568f59f3ba1f,[]
380,jk=345ab400ce8721a0,[]
381,jk=8ec5cbf02dbd2943,[]
382,jk=37ea632ffe602a7b,[]
383,jk=f006b7294067ddca,[]
384,jk=12109f3d6e8bdd93,[]
385,jk=28240d271d950238,[]
386,jk=a89e01fc292f586d,[]
387,jk=6f09ff880c367595,[]
388,jk=eaf36b1bfb72404d,[]
389,jk=a400090e8f79fddd,[]
390,jk=5abc2199f0b8058e,[]
391,jk=21152c593c0e33a4,[]
392,jk=7b269649e17be745,[]
393,jk=772e90dfd21235db,[]
394,jk=bb6f0bd39449ffa7,[]
395,jk=8c0f9cedaadb0b05,['Installation']
396,jk=05d915bd43e93558,[]
397,jk=6d818c27766b94e6,"['SAP', 'SAP']"
398,jk=41b72e5eac5b1aaa,[]
399,jk=929bad3935265ed5,[]
400,jk=dac8e70704e444e0,[]
401,jk=33628137459f8712,[]
402,jk=1186a0cee5994bc6,['Certain']
403,jk=a018e9c474ee4f9d,['Twitter']
404,jk=aa5112e137bb2d98,[]
405,jk=bbfaee5c3234326a,[]
406,jk=e29efc9a8b6fbbe6,['React']
407,jk=cb6b4f9815b1741a,[]
408,jk=2a02e46508e768a6,['Certain']
409,jk=77f48b95a1b01b46,[]
410,jk=a8417ac50747f130,[]
411,jk=0726f955beb5c090,[]
412,jk=6a6609179c9d897e,[]
413,jk=cd776d5889ad0861,[]
414,jk=b9dc5afc1f427249,[]
415,jk=7749e0c4c1660fc3,[]
416,jk=8725bd04bf6063f8,[]
417,jk=a18c0b7af337b59e,[]
418,jk=30e22a6f71d36712,['YouTube']
419,jk=3b3607f42500c06c,[]
420,jk=95960fa1d94045b9,[]
421,jk=49d40843d561d67d,[]
422,jk=abe3811b9a7f1f62,[]
423,jk=3a96d04a72adefe9,"['Self', 'Self']"
424,jk=3114784e18c5d078,[]
425,jk=0a5e30a40b2e0674,[]
426,jk=2eab17072fd6dea7,[]
427,jk=fd78829542149462,['Certain']
428,jk=486ad5cda941a292,[]
429,jk=acb3757ab8c0c72d,[]
430,jk=c55fd6eb365fe253,[]
431,jk=c1b70d2adb243abb,[]
432,jk=67dd5fc4451379ae,[]
433,jk=217dff483f243cbd,[]
434,jk=3505938f1908fb4a,[]
435,jk=d3dd0c783293abf0,[]
436,jk=bf65b3506332c973,[]
437,jk=a9a82a6fc67071f1,[]
438,jk=6fac317c110a77b2,[]
439,jk=0ed7bdd762f0d8b3,[]
440,jk=b67bd543f8f21fda,[]
441,jk=ab61ca6b0130c5e6,[]
442,jk=b7dcb76dd99dbe91,[]
443,jk=a8b87cfb5717f0be,[]
444,jk=cbd9de628d18ad1f,['Twitter']
445,jk=bb81a165a2605841,[]
446,jk=813e068f42cfdc53,['E-Verify']
447,jk=932288e95de946f0,['Science']
448,jk=9e5c95c702ba2647,[]
449,jk=a576e8c6db25f5e9,[]
450,jk=e93d9beebaf137c7,[]
451,jk=fad5a88c9c73dfd1,[]
452,jk=284bdc6207a7b699,"['C', 'E-Verify', 'E-Verify']"
453,jk=2c0072fbbd21267a,[]
454,jk=5bd5e6c669b3168a,[]
455,jk=0b696f7503a74881,[]
456,jk=0278ed82613e520d,[]
457,jk=a56cf69db60d687a,"['YouTube', 'Twitter']"
458,jk=9cec140552b35f47,[]
459,jk=76f755537d68a1fe,[]
460,jk=27fefb3079ff6bf2,[]
461,jk=ed80d4999c200751,[]
462,jk=94acaa210b4dcf38,['Monitoring']
463,jk=4c24ce6bf0824de1,[]
464,jk=09bde47cc8d13ddb,[]
465,jk=fd481a96cb0948de,[]
466,jk=603f36e39aba8dce,[]
467,jk=d493b9a5e4e6883a,[]
468,jk=887315b48e8d594c,[]
469,jk=92a0debdd39fbc84,[]
470,jk=924714cd64244c9e,[]
471,jk=dff978b464259472,[]
472,jk=c1572c42307a7e34,[]
473,jk=ceb6a37287a4e6d7,[]
474,jk=bb5bbf67094184bb,"['Oracle', 'Oracle', 'Oracle', 'Oracle', 'Oracle', 'Oracle', 'Oracle']"
475,jk=af880f4a367975c8,[]
476,jk=dc6307819ed64a95,"['Twitter', 'Science', 'Science']"
477,jk=2da1c918c43fc56a,[]
478,jk=0505a3b32e6ead0d,[]
479,jk=2dd3184db36a11f5,[]
480,jk=8c5bca8c13f50b2f,[]
481,jk=a664a18d2d9f9d2a,[]
482,jk=c3620fe8ae253318,[]
483,jk=3061487bfe0ba5e4,[]
484,jk=f539f6d684b6ec48,['Twitter']
485,jk=74f0fa5769edc8c2,[]
486,jk=f380398751556c78,[]
487,jk=e67b0893c7ffbd52,['Twitter']
488,jk=cb91d39bf01300f7,"['SAS', 'R']"
489,jk=86627892eb328db1,[]
490,jk=6ce90f24282c951a,[]
491,jk=c4fa8f626874612a,[]
492,jk=0d5a6eb6910bfe4e,['Self']
493,jk=ad5104ced9e75c21,['Python']
494,jk=b022f5d241797a2f,[]
495,jk=91f5deb840a931c5,['R']
496,jk=911745335587dc4f,[]
497,jk=75b124b972b4aa28,[]
498,jk=f9dd4069ed7e0d76,[]
499,jk=51b912a5f0a8cdde,[]
500,jk=a659fdbef06af2f5,[]
501,jk=d414900be4d24dc0,[]
502,jk=1886c0e06734602d,[]
503,jk=d9b059ccc55ad7e1,"['Google', 'Airtable']"
504,jk=42000d4aa5f02c11,[]
505,jk=de9e2eaec3426614,[]
506,jk=1e3d33a4e814b863,[]
507,jk=167fb23285de85a9,[]
508,jk=37ff17067fc6daa3,[]
509,jk=e36e06b7f8746cd0,[]
510,jk=3dbbc0b6644c3513,[]
511,jk=3fa61cffb5005df6,[]
512,jk=7efdc150c6ec7fdc,"['YouTube', 'Mathematics', 'Tableau']"
513,jk=eeafbb87f44c53fe,[]
514,jk=5aaf09bf3872c245,[]
515,jk=df0ea77425a455a9,[]
516,jk=bd052f09e6e67c37,[]
517,jk=5018b513eb4f7a89,[]
518,jk=dbeaf8d47c7aea51,[]
519,jk=c45ea8fb7c61ddc4,[]
520,jk=4a64c19002b2d9d0,[]
521,jk=d8844013edc5786f,['Writing']
522,jk=4ef464dd28fd363a,[]
523,jk=68ca851ed8277e39,[]
524,jk=434e75838868123e,[]
525,jk=120eb8d50d3cf718,[]
526,jk=b7e0bd4a10750df0,[]
527,jk=a0d9cb8afff009c7,['Twitter']
528,jk=e2fe3450734e9b6b,[]
529,jk=ec60eea86c8dc1b2,[]
530,jk=f2bade5617c0201e,[]
531,jk=4e21a04f79fef5db,[]
532,jk=6ae9abe67a8c55ac,['Programming']
533,jk=72414f796b60c3bf,[]
534,jk=50261efda2444c3b,[]
535,jk=c70fdaeb51453920,"['Twitter', 'Youtube']"
536,jk=0b0b542ea044af45,"['Monitoring', 'Monitoring']"
537,jk=8195f6ddf481b4dc,[]
538,jk=eaaa8ffa2469f81b,['Facebook']
539,jk=810ee046a3b32df4,[]
540,jk=6a2d38bd2a6393df,['Science']
541,jk=fe3bc50293ed8525,['LinkedIn']
542,jk=abe94ac60749534f,"['Google', 'Google']"
543,jk=dbd41afee297867c,[]
544,jk=49dfdbdc1f1950ab,[]
545,jk=5f7cdcf3fb3fcf55,[]
546,jk=16d1609851d3d5ae,[]
547,jk=29009bf03a00e4c4,[]
548,jk=bfe0350023d0325c,['Juris']
549,jk=5582a0e3059d4b52,[]
550,jk=6e1ae8fb3d3ba3f0,[]
551,jk=cc4d22dea41e9749,[]
552,jk=bcaf9e3afd50e4e2,[]
553,jk=91b95e2b7a4667e6,['Salesforce']
554,jk=1ab81bac4846c4b3,"['Self', 'E-Verify']"
555,jk=c2fdc3fb951c6216,[]
556,jk=7bbdccee9de7c489,[]
557,jk=19435e59d85da18a,[]
558,jk=94e70f4f0b3335d2,[]
559,jk=f3ea58a1ef4efd65,[]
560,jk=19996f817bcd24f1,[]
561,jk=00d661daa99f48c1,[]
562,jk=f9ae9d7636bdb78e,[]
563,jk=f83b3190cceefe74,[]
564,jk=a31d561b5215cf86,[]
565,jk=4aecc135dd4c0676,[]
566,jk=60069bdbb561bcc5,['Scribe']
567,jk=cca68915e0b64ef2,"['Science', 'Science', 'Science']"
568,jk=98bcedb9757af91d,[]
569,jk=dd830d700df40848,[]
570,jk=a8feb982c53e526e,['Self']
571,jk=b58785a311a4f21f,[]
572,jk=2ae024b31f9a4cb2,[]
573,jk=87c0b2b1e180bbea,[]
574,jk=7572bd47d361f5fd,[]
575,jk=60b9c638f889b775,[]
576,jk=51bd7b167cb0c49c,[]
577,jk=6bbfbf2d1acd3c47,[]
578,jk=1cc11236d600dc99,[]
579,jk=c23360c2e4d46794,['Chef']
580,jk=06b47338a3c8ad74,[]
581,jk=0634d400facbc44b,[]
582,jk=cf4789133cf8ba33,"['Tableau', 'Tableau']"
583,jk=bae359763283de27,[]
584,jk=2cdb747b7e77faa8,[]
585,jk=6379c3ddf78d9bf9,[]
586,jk=fc926317ce447713,[]
587,jk=681e426424101015,[]
588,jk=a700eb534c797b7f,[]
589,jk=1b0b7e5b4e858b7b,[]
590,jk=2b9aaa14f27c65ad,[]
591,jk=80b83f058b96f3b3,[]
592,jk=f4ad923b0c7e9a01,['ServiceNow']
593,jk=46cd83a4e555904c,['Science']
594,jk=5c0d73e0559862c4,[]
595,jk=e7c6ee86ed80bda6,[]
596,jk=ec92ccfd22dd4ccf,['R']
597,jk=28d7d0150b7fcd9f,"['Smartsheet', 'Smartsheet']"
598,jk=2b5a5a8b9f0ff60f,[]
599,jk=06f8d22f8540d7a3,[]
